words,count
security,108
data,93
compliance,45
access,38
user,31
management,30
policy,30
control,29
key,27
enterprise,24
customer,24
organization,22
privacy,21
board,21
system,20
service,18
feature,18
information,17
protection,16
encryption,16
content,15
governance,15
company,15
center,14
miro,14
team,14
level,14
standard,14
aws,14
infrastructure,13
help,13
employee,13
process,12
model,11
sensitive,11
network,10
internal,10
integration,10
requirement,10
cloud,10
change,9
use,9
plan,9
audit,9
secure,9
platform,9
disaster,9
via,9
personal,9
product,8
time,8
regulatory,8
environment,8
application,8
authorized,8
sso,8
enterprisegrade,7
approach,7
admins,7
ensure,7
based,7
classification,7
microsoft,7
set,7
guard,7
support,7
stored,7
physical,7
production,7
according,7
recovery,7
lifecycle,7
incident,7
corporate,7
business,7
shared,6
responsibility,6
usage,6
authentication,6
advanced,6
resource,6
used,6
risk,6
tool,6
including,6
limited,6
availability,6
sharing,6
transfer,6
secret,5
vulnerability,5
auditing,5
certification,5
posture,5
technical,5
guardrail,5
includes,5
interaction,5
log,5
term,5
work,5
independent,5
practice,5
workflow,5
third,5
party,5
processing,5
multiple,5
protect,5
include,5
least,5
device,5
restricted,5
public,5
required,5
number,5
response,5
trust,5
restrict,5
label,5
regulation,5
collaboration,4
design,4
ensures,4
framework,4
leverage,4
option,4
using,4
well,4
throughout,4
scale,4
give,4
industry,4
visibility,4
address,4
compliant,4
made,4
thirdparty,4
responsible,4
residency,4
provider,4
take,4
asset,4
threat,4
measure,4
soc,4
within,4
specific,4
layer,4
account,4
securely,4
automates,4
like,4
password,4
personnel,4
testing,4
server,4
configuration,4
confidentiality,4
review,4
law,4
individual,4
ability,4
zta,4
right,4
add,4
admin,4
setting,4
outside,4
workspace,4
report,4
addon,3
whitepaper,3
provide,3
together,3
innovate,3
top,3
best,3
maintain,3
comprehensive,3
confidence,3
available,3
potential,3
deploy,3
robust,3
enable,3
disable,3
even,3
make,3
plus,3
architecture,3
monitoring,3
workload,3
issue,3
prompt,3
attack,3
output,3
custom,3
capability,3
maintaining,3
activity,3
trail,3
need,3
isoiec,3
provides,3
transparent,3
meet,3
organizational,3
choose,3
default,3
power,3
api,3
us,3
improve,3
advantage,3
proxy,3
hosted,3
private,3
across,3
saas,3
computing,3
variety,3
additionally,3
store,3
operational,3
privilege,3
explicitly,3
km,3
file,3
distribution,3
operation,3
require,3
small,3
promptly,3
detection,3
perform,3
external,3
complete,3
appropriate,3
badge,3
role,3
list,3
event,3
objective,3
accessed,3
dedicated,3
solution,3
become,3
increasingly,3
without,3
applies,3
manage,3
emm,3
one,3
global,3
dashboard,3
automation,3
breach,3
thats,3
legal,3
established,3
gdpr,3
accessibility,3
get,3
dpa,3
full,3
innovation,3
productivity,2
introduction,2
hosting,2
conclusion,2
detailed,2
accreditation,2
learn,2
come,2
mind,2
focus,2
create,2
enables,2
paper,2
area,2
harness,2
let,2
confidently,2
follows,2
principle,2
administrator,2
deployment,2
decide,2
turn,2
giving,2
sensitivity,2
realtime,2
designed,2
purview,2
identify,2
protects,2
every,2
existing,2
critical,2
adoption,2
meeting,2
providing,2
enforce,2
periodic,2
created,2
transparency,2
accountability,2
validation,2
developed,2
operated,2
industryleading,2
ethical,2
safeguard,2
many,2
local,2
australia,2
go,2
processed,2
several,2
bring,2
certain,2
rest,2
depending,2
latest,2
result,2
either,2
azure,2
upon,2
entire,2
part,2
technology,2
safe,2
traditional,2
web,2
implement,2
stringent,2
formerly,2
iso,2
pci,2
primary,2
located,2
backup,2
logical,2
unless,2
strictly,2
requires,2
mfa,2
vpn,2
see,2
mean,2
exchange,2
storage,2
distributed,2
ssh,2
manages,2
database,2
credential,2
engineer,2
accessing,2
core,2
troubleshooting,2
explicit,2
removed,2
leaf,2
group,2
regularly,2
manual,2
annual,2
test,2
program,2
firewall,2
relevant,2
update,2
assess,2
integrity,2
software,2
annually,2
monitor,2
conduct,2
check,2
commit,2
training,2
granted,2
facility,2
high,2
region,2
day,2
drp,2
finding,2
durability,2
permanent,2
loss,2
lost,2
restored,2
point,2
period,2
subject,2
zero,2
empowering,2
location,2
important,2
identity,2
adherence,2
granular,2
okta,2
enter,2
surface,2
configured,2
authenticator,2
session,2
limit,2
automatically,2
administration,2
preventing,2
link,2
companywide,2
mobility,2
intune,2
vmware,2
new,2
filter,2
trash,2
leveraging,2
siem,2
casb,2
sam,2
servicenow,2
bettercloud,2
biggest,2
officer,2
assurance,2
type,2
contractual,2
guideline,2
strict,2
around,2
protecting,2
category,2
along,2
engages,2
agree,2
california,2
act,2
per,2
strategic,2
year,2
classify,2
classifying,2
increased,2
intelligent,2
dynamic,2
ekm,2
name,2
leader,2
legacy,2
contact,2
table,1
strategize,1
customercentric,1
much,1
overview,1
covering,1
extensive,1
grade,1
handle,1
complex,1
sovereignty,1
aim,1
explain,1
educate,1
bolster,1
detail,1
ready,1
ai,1
expense,1
demand,1
securitybydesign,1
equips,1
tailor,1
sense,1
granularity,1
lack,1
aligns,1
activates,1
soon,1
added,1
changing,1
sophisticated,1
specifically,1
easier,1
impact,1
builtin,1
redaction,1
injection,1
aispecific,1
making,1
difficult,1
accidentally,1
produce,1
harmful,1
moderation,1
discovery,1
probabilistic,1
guaranteed,1
catch,1
simple,1
track,1
clear,1
establish,1
organizationspecific,1
align,1
acknowledgement,1
acceptance,1
reminder,1
attribution,1
understand,1
human,1
aiassisted,1
aipowered,1
highest,1
international,1
trustworthy,1
fundamental,1
currently,1
united,1
state,1
know,1
clearly,1
listed,1
obtain,1
byoaik,1
bringing,1
accordance,1
assured,1
train,1
optedin,1
accuracy,1
performance,1
free,1
collection,1
case,1
advancement,1
generative,1
language,1
input,1
submitted,1
converted,1
passed,1
sends,1
back,1
awss,1
openal,1
artificial,1
intelligence,1
however,1
strong,1
theyre,1
built,1
truly,1
experience,1
specialized,1
supported,1
foundational,1
next,1
explore,1
creates,1
trusted,1
possible,1
first,1
start,1
softwareasaservice,1
securing,1
big,1
overall,1
computer,1
networking,1
keeping,1
cybersecurity,1
inperson,1
theft,1
natural,1
secures,1
primarily,1
amazon,1
build,1
guarantee,1
continuously,1
audited,1
body,1
geography,1
vertical,1
ssae,1
isae,1
sa,1
fedramp,1
dod,1
srg,1
ds,1
housed,1
ireland,1
ohio,1
sydney,1
frankfurt,1
virginia,1
melbourne,1
configuring,1
wellarchitected,1
protective,1
implemented,1
layered,1
deny,1
permitted,1
multifactor,1
managed,1
virtual,1
flow,1
balance,1
employing,1
method,1
adheres,1
atrest,1
intransit,1
bit,1
aes,1
transport,1
tl,1
besides,1
transit,1
endtoend,1
download,1
procedural,1
direct,1
generation,1
decentralized,1
protected,1
unique,1
pair,1
certificate,1
prohibit,1
arbitrarily,1
developing,1
task,1
consent,1
invited,1
maintains,1
backend,1
defense,1
intrusion,1
single,1
signon,1
performs,1
automated,1
patch,1
penetration,1
identified,1
fixed,1
bug,1
bounty,1
incentivizes,1
researcher,1
submit,1
discovered,1
formal,1
prior,1
implementation,1
met,1
securityrelated,1
kept,1
uptodate,1
utilizing,1
stay,1
alerted,1
continually,1
approve,1
development,1
said,1
assessment,1
permit,1
undergo,1
criminal,1
background,1
sign,1
acknowledgment,1
mandatory,1
followed,1
safeguarded,1
minimum,1
tightly,1
controlled,1
approval,1
record,1
request,1
justification,1
recorded,1
professional,1
oversee,1
office,1
visitor,1
containing,1
elevated,1
approved,1
reviewed,1
quarterly,1
reliability,1
running,1
loadbalancingfault,1
tolerance,1
increase,1
redundancy,1
cluster,1
topology,1
classified,1
replicated,1
encrypted,1
backed,1
addition,1
daily,1
separately,1
main,1
prepared,1
respond,1
hour,1
seven,1
week,1
handling,1
procedure,1
severity,1
evaluation,1
containment,1
communication,1
stakeholder,1
status,1
statusmirocom,1
crisis,1
impacting,1
documented,1
tracked,1
resolution,1
measurement,1
actual,1
rta,1
defined,1
communicate,1
serve,1
rto,1
duration,1
rpo,1
maximum,1
tolerable,1
disruption,1
planned,1
interval,1
significant,1
environmental,1
cloudbased,1
browser,1
desktop,1
mobile,1
apps,1
touchpoints,1
nature,1
remote,1
helping,1
deployed,1
correctly,1
unlike,1
grant,1
broad,1
entry,1
assumes,1
originate,1
anywhere,1
modern,1
various,1
advocate,1
continuous,1
verification,1
permission,1
compromising,1
collaborate,1
samlbased,1
idp,1
choice,1
autho,1
others,1
eliminates,1
repeatedly,1
saving,1
reducing,1
twofactor,1
requiring,1
extra,1
subscription,1
logging,1
email,1
collaborator,1
profile,1
enforces,1
timebased,1
onetime,1
totp,1
authy,1
idle,1
timeout,1
long,1
inactive,1
logged,1
minimizes,1
window,1
attacker,1
try,1
steal,1
remotely,1
person,1
unattended,1
workstation,1
rolebased,1
assigned,1
distributes,1
unnecessary,1
allowed,1
domain,1
teamwide,1
move,1
template,1
owned,1
supporting,1
android,1
io,1
view,1
needed,1
invitation,1
creation,1
assign,1
indicate,1
allows,1
efficiently,1
menu,1
easily,1
trashed,1
permanently,1
deleted,1
play,1
error,1
save,1
dealing,1
hundred,1
thousand,1
scim,1
jit,1
provisioning,1
streamlines,1
ecosystem,1
broker,1
develop,1
splunk,1
ibm,1
qradar,1
defender,1
netskope,1
appfabric,1
zylo,1
cost,1
ponemon,1
institute,1
noncompliance,1
factor,1
contributing,1
seriously,1
department,1
led,1
chief,1
oversees,1
function,1
place,1
operates,1
follow,1
unauthorized,1
attestation,1
allow,1
effectiveness,1
reporting,1
powered,1
categoryleading,1
clause,1
adequate,1
general,1
certified,1
euus,1
scheme,1
regional,1
sectorspecific,1
alliance,1
cyber,1
essential,1
tisax,1
recurrent,1
driven,1
bestofbreed,1
firm,1
british,1
institution,1
bsi,1
conformance,1
acr,1
vpat,1
europe,1
imposing,1
obligation,1
collect,1
failure,1
comply,1
hefty,1
fine,1
scrutiny,1
potentially,1
crippling,1
large,1
adhere,1
limitation,1
checkpoint,1
engineering,1
provided,1
lay,1
transparently,1
controller,1
purpose,1
outline,1
reference,1
exercise,1
mechanism,1
relies,1
behalf,1
example,1
addendum,1
commitment,1
consumer,1
modification,1
extent,1
procurement,1
agreement,1
online,1
informs,1
intention,1
laid,1
done,1
often,1
confidential,1
proprietary,1
show,1
expect,1
despite,1
amount,1
grows,1
largest,1
rate,1
increasing,1
enough,1
want,1
additional,1
sector,1
combination,1
cumulative,1
growth,1
find,1
offer,1
scan,1
identifying,1
pii,1
phi,1
remove,1
remediate,1
found,1
predefined,1
criterion,1
prevent,1
action,1
copyingpasting,1
exporting,1
metric,1
instant,1
insight,1
discover,1
piiphipci,1
auto,1
managing,1
retain,1
delete,1
restoration,1
define,1
orglevel,1
enhanced,1
defensible,1
deletion,1
retention,1
included,1
bundle,1
greater,1
project,1
usergenerated,1
widget,1
comment,1
uploaded,1
byok,1
call,1
executive,1
unhappy,1
compete,1
fact,1
believe,1
extinct,1
five,1
fails,1
blocker,1
technological,1
challenge,1
outdated,1
worker,1
stifle,1
creativity,1
impedes,1
rushed,1
fully,1
considering,1
implication,1
visual,1
easy,1
committed,1
million,1
world,1
entrusted,1
valuable,1
join,1
leading,1
collaborative,1
knowing,1
feel,1
confident,1
sale,1
faq,1
please,1
manager,1
visit,1
mirocom,1
mirocomenterprise,1
blog,1
mirocomblog,1
twitter,1
twittercommirohq,1
linkedin,1
linkedincomcompan,1
ymirohq,1
